1,2000000000000028; 0,10018916430920732
1,2999999999999972; 0,10018916430920732
1,3999999999999986; 0,10018916430920732
1,5; 0,10018916430920732
1,6000000000000014; 0,10018916430920732
1,7000000000000028; 0,10018916430920732
1,7999999999999972; 0,10018916430920732
1,8999999999999986; 0,10018916430920732
2; 0,10018916430920732
2,1000000000000014; 0,10018916430920732
2,200000000000003; 0,10018916430920732
2,299999999999997; 0,10018916430920732
2,3999999999999986; 0,10018916430920732
2,5; 0,10018916430920732
2,6000000000000014; 0,10018916430920732
2,700000000000003; 0,10018916430920732
2,8000000000000043; 0,10018916430920732
2,8999999999999986; 0,10018916430920732
3; 0,10018916430920732
3,0999999999999943; 0,10018916430920732
3,200000000000003; 0,10018916430920732
3,3000000000000043; 0,10018916430920732
3,3999999999999986; 0,10018916430920732
3,5; 0,10018916430920732
3,6000000000000014; 0,10018916430920732
4,600000000000001; 0,0980566257228615
4,700000000000003; 0,0980566257228615
4,799999999999997; 0,0980566257228615
4,899999999999999; 0,0980566257228615
5; 0,09699035642968865
5,099999999999994; 0,09699035642968865
5,199999999999996; 0,09699035642968865
5,300000000000004; 0,09699035642968865
5,400000000000006; 0,09699035642968865
5,5; 0,09699035642968865
5,599999999999994; 0,09699035642968865
5,699999999999996; 0,09699035642968865
5,799999999999997; 0,0959240871365157
5,8999999999999915; 0,0959240871365157
5,999999999999993; 0,0959240871365157
6,100000000000001; 0,0959240871365157
6,200000000000003; 0,09485781784334282
6,300000000000004; 0,09485781784334282
6,399999999999999; 0,09485781784334282
6,499999999999993; 0,09485781784334282
7,499999999999986; 0,09752349107627506
7,599999999999994; 0,09752349107627506
7,699999999999996; 0,09752349107627506
7,799999999999997; 0,09752349107627506
7,8999999999999915; 0,0980566257228615
7,999999999999986; 0,0980566257228615
8,099999999999987; 0,0980566257228615
8,199999999999989; 0,0980566257228615
8,699999999999989; 0,09965602966262085
8,799999999999983; 0,09965602966262085
8,899999999999984; 0,09965602966262085
8,999999999999993; 0,09965602966262085
9,09999999999998; 0,10018916430920732
9,199999999999982; 0,10018916430920732
9,299999999999983; 0,10018916430920732
9,399999999999984; 0,10018916430920732
9,499999999999986; 0,10018916430920732
9,59999999999998; 0,10018916430920732
9,699999999999982; 0,10018916430920732
9,799999999999983; 0,10018916430920732
9,899999999999977; 0,10018916430920732
10,799999999999983; 0,10125543360238021
10,899999999999984; 0,10125543360238021
10,999999999999986; 0,10125543360238021
11,09999999999998; 0,10125543360238021
11,199999999999974; 0,10232170289555312
11,299999999999983; 0,10232170289555312
11,399999999999984; 0,10232170289555312
11,499999999999979; 0,10232170289555312
11,59999999999998; 0,10232170289555312
11,699999999999974; 0,10232170289555312
11,799999999999976; 0,10232170289555312
11,899999999999977; 0,10232170289555312
11,999999999999972; 0,10232170289555312
12,09999999999998; 0,10232170289555312
12,199999999999982; 0,10232170289555312
12,299999999999976; 0,10232170289555312
12,399999999999977; 0,10232170289555312
12,499999999999972; 0,10338797218872603
12,599999999999973; 0,10338797218872603
12,699999999999982; 0,10338797218872603
12,799999999999976; 0,10338797218872603
14,099999999999966; 0,10658678006824474
14,199999999999967; 0,10658678006824474
14,299999999999969; 0,10658678006824474
14,399999999999963; 0,10658678006824474
14,999999999999972; 0,10765304936141762
15,099999999999973; 0,10765304936141762
15,199999999999967; 0,10765304936141762
15,299999999999969; 0,10765304936141762
15,39999999999997; 0,10871931865459053
15,499999999999964; 0,10871931865459053
15,599999999999959; 0,10871931865459053
15,69999999999996; 0,10871931865459053
15,799999999999969; 0,10978558794776344
15,89999999999997; 0,10978558794776344
15,999999999999964; 0,10978558794776344
16,099999999999966; 0,10978558794776344
16,599999999999973; 0,11351753047386859
16,699999999999967; 0,11351753047386859
16,79999999999997; 0,11351753047386859
16,89999999999997; 0,11351753047386859
16,999999999999964; 0,11405066512045503
17,099999999999966; 0,11405066512045503
17,199999999999967; 0,11405066512045503
17,299999999999983; 0,11405066512045503
17,399999999999984; 0,11405066512045503
17,499999999999986; 0,1167163383533873
17,599999999999987; 0,1167163383533873
17,69999999999999; 0,1167163383533873
17,79999999999999; 0,1167163383533873
17,899999999999984; 0,11724947299997374
17,999999999999986; 0,11724947299997374
18,099999999999987; 0,11724947299997374
18,19999999999999; 0,11724947299997374
19,1; 0,12151455017266535
19,199999999999996; 0,12151455017266535
19,299999999999997; 0,12151455017266535
19,400000000000013; 0,12151455017266535
19,500000000000014; 0,12151455017266535
19,600000000000016; 0,12258081946583826
19,700000000000017; 0,12258081946583826
19,80000000000002; 0,12258081946583826
19,90000000000002; 0,12258081946583826
20,000000000000014; 0,12364708875901115
20,10000000000001; 0,12364708875901115
20,20000000000001; 0,12364708875901115
20,30000000000001; 0,12364708875901115
20,40000000000002; 0,12418022340559762
20,500000000000036; 0,12418022340559762
20,600000000000037; 0,12418022340559762
20,70000000000003; 0,12418022340559762
20,800000000000033; 0,12577962734535697
20,900000000000034; 0,12577962734535697
21,000000000000036; 0,12577962734535697
21,100000000000037; 0,12577962734535697
22,10000000000005; 0,12791216593170276
22,200000000000053; 0,12791216593170276
22,300000000000054; 0,12791216593170276
22,40000000000005; 0,12791216593170276
22,50000000000005; 0,12791216593170276
22,60000000000005; 0,12791216593170276
22,700000000000067; 0,12791216593170276
22,80000000000006; 0,12791216593170276
22,900000000000063; 0,1316441084578079
23,000000000000064; 0,1316441084578079
23,100000000000065; 0,1316441084578079
23,200000000000067; 0,1316441084578079
23,30000000000006; 0,13271037775098082
23,400000000000063; 0,13271037775098082
23,500000000000057; 0,13271037775098082
23,60000000000006; 0,13271037775098082
23,700000000000067; 0,1353760509839131
23,800000000000082; 0,1353760509839131
23,900000000000077; 0,1353760509839131
24,000000000000078; 0,1353760509839131
24,10000000000008; 0,13750858957025888
24,20000000000008; 0,13750858957025888
24,300000000000075; 0,13750858957025888
24,400000000000077; 0,13750858957025888
24,500000000000078; 0,13750858957025888
24,600000000000087; 0,1369754549236724
24,70000000000008; 0,1369754549236724
24,800000000000082; 0,1369754549236724
24,900000000000098; 0,1369754549236724
25,000000000000092; 0,13590918563049953
25,100000000000094; 0,13590918563049953
25,200000000000095; 0,13590918563049953
25,30000000000009; 0,13590918563049953
25,400000000000098; 0,1353760509839131
25,5000000000001; 0,1353760509839131
25,600000000000094; 0,1353760509839131
25,700000000000095; 0,1353760509839131
25,800000000000097; 0,1353760509839131
25,900000000000112; 0,1353760509839131
26,000000000000107; 0,1353760509839131
26,100000000000108; 0,1353760509839131
26,20000000000011; 0,1337766470441537
26,30000000000011; 0,1337766470441537
26,400000000000112; 0,1337766470441537
26,500000000000114; 0,1337766470441537
26,600000000000108; 0,13217724310439438
26,70000000000011; 0,13217724310439438
26,80000000000011; 0,13217724310439438
26,900000000000112; 0,13217724310439438
27,00000000000012; 0,13004470451804856
27,100000000000122; 0,1284453005782892
27,200000000000124; 0,1284453005782892
27,300000000000125; 0,1284453005782892
27,40000000000012; 0,1284453005782892
27,500000000000128; 0,1284453005782892
27,600000000000122; 0,1284453005782892
27,70000000000013; 0,1284453005782892
27,800000000000125; 0,1284453005782892
27,900000000000134; 0,1252464926987705
28,000000000000128; 0,1252464926987705
28,100000000000122; 0,1252464926987705
28,20000000000013; 0,1252464926987705
28,30000000000014; 0,1252464926987705
28,400000000000134; 0,1252464926987705
28,500000000000128; 0,1252464926987705
28,600000000000136; 0,1252464926987705
28,700000000000145; 0,12364708875901115
28,80000000000014; 0,12364708875901115
28,900000000000134; 0,12364708875901115
29,000000000000142; 0,12364708875901115
29,10000000000015; 0,12791216593170276
29,20000000000016; 0,12791216593170276
29,30000000000014; 0,12791216593170276
29,400000000000162; 0,12791216593170276
29,500000000000156; 0,12684589663852985
29,60000000000015; 0,12684589663852985
29,700000000000145; 0,12684589663852985
29,800000000000153; 0,12684589663852985
29,900000000000162; 0,12684589663852985
30,000000000000156; 0,12897843522487568
30,10000000000015; 0,12897843522487568
30,20000000000016; 0,12897843522487568
30,300000000000168; 0,12897843522487568
30,400000000000176; 0,13004470451804856
30,500000000000156; 0,13004470451804856
30,600000000000165; 0,13004470451804856
30,700000000000188; 0,13004470451804856
30,800000000000168; 0,12791216593170276
30,900000000000176; 0,12791216593170276
31,00000000000017; 0,12791216593170276
31,100000000000193; 0,12791216593170276
31,200000000000173; 0,12897843522487568
31,300000000000168; 0,12897843522487568
31,400000000000176; 0,12897843522487568
31,500000000000185; 0,12897843522487568
31,600000000000193; 0,12951156987146212
31,700000000000173; 0,12951156987146212
31,800000000000196; 0,12951156987146212
31,900000000000205; 0,12951156987146212
32,000000000000185; 0,13004470451804856
32,10000000000019; 0,13004470451804856
32,20000000000019; 0,13004470451804856
32,300000000000196; 0,13004470451804856
32,40000000000019; 0,13004470451804856
32,5000000000002; 0,12951156987146212
32,60000000000021; 0,12951156987146212
32,7000000000002; 0,12951156987146212
32,80000000000021; 0,12951156987146212
32,90000000000019; 0,13004470451804856
33,0000000000002; 0,13004470451804856
33,10000000000022; 0,13004470451804856
33,2000000000002; 0,13004470451804856
33,30000000000021; 0,13004470451804856
33,400000000000205; 0,13004470451804856
33,50000000000021; 0,13004470451804856
33,60000000000022; 0,13004470451804856
33,7000000000002; 0,13004470451804856
33,800000000000225; 0,13004470451804856
33,90000000000022; 0,13004470451804856
34,00000000000021; 0,13004470451804856
34,10000000000021; 0,1284453005782892
34,200000000000216; 0,1284453005782892
34,300000000000225; 0,1284453005782892
34,40000000000022; 0,1284453005782892
34,50000000000021; 0,12897843522487568
34,60000000000022; 0,12897843522487568
34,70000000000023; 0,12897843522487568
34,800000000000225; 0,12897843522487568
34,90000000000022; 0,12897843522487568
35,00000000000023; 0,13004470451804856
35,10000000000025; 0,13004470451804856
35,20000000000023; 0,13004470451804856
35,30000000000024; 0,13004470451804856
35,40000000000023; 0,1316441084578079
35,500000000000256; 0,1316441084578079
35,600000000000236; 0,1316441084578079
35,700000000000244; 0,1316441084578079
35,80000000000025; 0,1332435123975673
35,90000000000025; 0,1332435123975673
36,000000000000256; 0,1332435123975673
36,100000000000236; 0,1332435123975673
36,200000000000244; 0,1353760509839131
36,30000000000027; 0,1353760509839131
36,40000000000025; 0,1353760509839131
36,500000000000256; 0,1353760509839131
36,60000000000025; 0,1353760509839131
36,70000000000026; 0,1353760509839131
36,80000000000027; 0,1353760509839131
36,90000000000025; 0,1353760509839131
37,000000000000256; 0,13590918563049953
37,100000000000264; 0,13590918563049953
37,20000000000026; 0,13590918563049953
37,30000000000025; 0,13590918563049953
37,40000000000026; 0,13590918563049953
37,50000000000027; 0,1385748588634318
37,600000000000264; 0,1385748588634318
37,70000000000026; 0,1385748588634318
37,80000000000025; 0,1385748588634318
38,300000000000296; 0,13910799351001824
38,400000000000276; 0,13910799351001824
38,500000000000284; 0,13910799351001824
38,60000000000028; 0,13910799351001824
38,7000000000003; 0,13910799351001824
38,80000000000028; 0,13910799351001824
38,90000000000029; 0,13910799351001824
39,0000000000003; 0,13910799351001824
39,10000000000029; 0,14124053209636406
39,2000000000003; 0,14124053209636406
39,30000000000028; 0,14124053209636406
39,40000000000029; 0,14124053209636406
40,0000000000003; 0,14177366674295053
40,10000000000029; 0,14177366674295053
40,2000000000003; 0,14177366674295053
40,30000000000031; 0,14177366674295053
40,400000000000304; 0,14390620532929627
40,5000000000003; 0,14390620532929627
40,60000000000031; 0,14390620532929627
40,700000000000315; 0,14390620532929627
40,80000000000031; 0,1460387439156421
40,900000000000304; 0,1460387439156421
41,0000000000003; 0,1460387439156421
41,10000000000032; 0,1460387439156421
41,20000000000033; 0,14870441714857438
41,30000000000031; 0,14870441714857438
41,40000000000032; 0,14870441714857438
41,50000000000033; 0,14870441714857438
42,00000000000033; 0,1524363596746795
42,10000000000032; 0,15296949432126594
42,20000000000033; 0,15296949432126594
42,30000000000034; 0,15296949432126594
42,40000000000033; 0,15296949432126594
42,50000000000033; 0,15190322502809306
42,60000000000035; 0,15190322502809306
42,70000000000036; 0,15190322502809306
42,80000000000034; 0,15190322502809306
42,90000000000035; 0,15350262896785238
43,00000000000034; 0,15350262896785238
43,100000000000364; 0,15350262896785238
43,200000000000344; 0,15350262896785238
43,700000000000344; 0,1567014368473711
43,80000000000035; 0,1567014368473711
43,90000000000036; 0,1567014368473711
44,000000000000355; 0,1567014368473711
44,10000000000035; 0,1567014368473711
44,20000000000036; 0,1567014368473711
44,30000000000037; 0,1567014368473711
44,40000000000036; 0,1567014368473711
44,50000000000037; 0,15723457149395756
44,60000000000038; 0,15723457149395756
44,70000000000037; 0,15723457149395756
44,80000000000038; 0,15723457149395756
44,90000000000036; 0,15723457149395756
45,00000000000037; 0,1567014368473711
45,10000000000038; 0,1567014368473711
45,20000000000037; 0,1567014368473711
45,30000000000037; 0,1567014368473711
45,400000000000375; 0,1567014368473711
45,500000000000384; 0,1567014368473711
45,60000000000038; 0,1567014368473711
45,70000000000037; 0,1567014368473711
45,80000000000038; 0,1567014368473711
45,90000000000039; 0,1567014368473711
46,000000000000384; 0,1567014368473711
46,10000000000038; 0,1567014368473711
46,20000000000039; 0,1567014368473711
46,300000000000395; 0,1567014368473711
46,40000000000039; 0,1567014368473711
46,500000000000384; 0,1567014368473711
47,50000000000041; 0,15403576361443885
47,600000000000406; 0,15403576361443885
47,7000000000004; 0,15403576361443885
47,80000000000042; 0,15403576361443885
47,90000000000042; 0,15296949432126594
48,00000000000041; 0,15296949432126594
48,100000000000406; 0,15296949432126594
48,200000000000415; 0,15296949432126594
48,30000000000042; 0,15296949432126594
48,40000000000042; 0,15296949432126594
48,50000000000041; 0,15296949432126594
48,60000000000042; 0,15296949432126594
48,70000000000043; 0,15296949432126594
48,80000000000042; 0,15296949432126594
48,90000000000042; 0,15296949432126594
49,000000000000426; 0,15296949432126594
49,100000000000435; 0,15296949432126594
49,20000000000043; 0,15296949432126594
49,30000000000042; 0,15296949432126594
49,40000000000043; 0,15296949432126594
50,400000000000446; 0,1524363596746795
50,500000000000455; 0,1524363596746795
50,60000000000045; 0,1524363596746795
50,70000000000046; 0,1524363596746795
50,80000000000045; 0,15137009038150662
50,900000000000446; 0,15137009038150662
51,000000000000455; 0,15137009038150662
51,10000000000046; 0,15137009038150662
51,20000000000046; 0,15137009038150662
51,30000000000045; 0,15137009038150662
51,40000000000046; 0,15137009038150662
51,50000000000047; 0,15137009038150662
53,7000000000005; 0,15030382108833368
53,800000000000495; 0,15030382108833368
53,90000000000052; 0,15030382108833368
54,0000000000005; 0,15030382108833368
54,100000000000506; 0,15030382108833368
54,200000000000514; 0,15030382108833368
54,30000000000051; 0,15030382108833368
54,40000000000052; 0,15030382108833368
54,5000000000005; 0,15030382108833368
54,60000000000052; 0,15030382108833368
54,70000000000053; 0,15030382108833368
54,80000000000051; 0,15030382108833368
54,9000000000005; 0,1492375517951608
55,00000000000051; 0,1492375517951608
55,10000000000052; 0,1492375517951608
55,200000000000514; 0,1492375517951608
55,30000000000051; 0,1492375517951608
55,40000000000052; 0,1492375517951608
55,500000000000526; 0,1492375517951608
55,60000000000052; 0,1492375517951608
55,700000000000514; 0,1492375517951608
56,600000000000534; 0,1492375517951608
56,70000000000054; 0,1492375517951608
56,80000000000054; 0,1492375517951608
56,90000000000053; 0,1492375517951608
57,00000000000054; 0,1492375517951608
57,10000000000055; 0,1492375517951608
57,20000000000054; 0,1492375517951608
57,30000000000054; 0,1492375517951608
58,70000000000057; 0,15030382108833368
58,80000000000058; 0,15030382108833368
58,90000000000056; 0,15030382108833368
59,00000000000058; 0,15030382108833368
59,90000000000059; 0,15030382108833368
60,0000000000006; 0,15030382108833368
60,10000000000058; 0,15030382108833368
60,200000000000585; 0,15030382108833368
60,800000000000594; 0,15137009038150662
60,90000000000059; 0,15137009038150662
61,0000000000006; 0,15137009038150662
61,100000000000605; 0,15137009038150662
61,2000000000006; 0,15137009038150662
61,300000000000594; 0,15137009038150662
61,4000000000006; 0,15137009038150662
61,50000000000061; 0,15137009038150662
61,600000000000605; 0,1524363596746795
61,700000000000614; 0,1524363596746795
61,80000000000062; 0,1524363596746795
61,90000000000062; 0,1524363596746795
63,30000000000062; 0,15190322502809306
63,400000000000645; 0,15190322502809306
63,500000000000654; 0,15190322502809306
63,600000000000634; 0,15190322502809306
63,70000000000063; 0,15137009038150662
63,80000000000064; 0,15137009038150662
63,900000000000645; 0,15137009038150662
64,00000000000064; 0,15137009038150662
64,10000000000063; 0,15137009038150662
64,20000000000063; 0,15137009038150662
64,30000000000062; 0,15137009038150662
64,40000000000062; 0,15137009038150662
64,50000000000061; 0,15137009038150662
64,6000000000006; 0,15137009038150662
64,7000000000006; 0,15137009038150662
64,8000000000006; 0,15137009038150662
64,9000000000006; 0,15190322502809306
65,00000000000058; 0,15190322502809306
65,10000000000059; 0,15190322502809306
65,20000000000057; 0,15190322502809306
65,80000000000054; 0,1524363596746795
65,90000000000053; 0,1524363596746795
66,00000000000053; 0,1524363596746795
66,10000000000053; 0,1524363596746795
66,20000000000051; 0,1524363596746795
66,30000000000052; 0,1524363596746795
66,4000000000005; 0,1524363596746795
66,50000000000051; 0,1524363596746795
66,60000000000049; 0,15296949432126594
66,70000000000049; 0,15296949432126594
66,80000000000048; 0,15296949432126594
66,90000000000047; 0,15296949432126594
67,00000000000047; 0,15403576361443885
67,10000000000048; 0,15403576361443885
67,20000000000046; 0,15403576361443885
67,30000000000047; 0,15403576361443885
67,40000000000045; 0,15456889826102532
67,50000000000044; 0,15456889826102532
67,60000000000043; 0,15456889826102532
67,70000000000044; 0,15456889826102532
67,80000000000042; 0,15616830220078465
67,90000000000043; 0,15616830220078465
68,00000000000041; 0,15616830220078465
68,10000000000042; 0,15616830220078465
68,2000000000004; 0,15616830220078465
69,90000000000032; 0,15563516755419823
70,0000000000003; 0,15563516755419823
70,10000000000029; 0,15563516755419823
70,2000000000003; 0,15563516755419823
70,30000000000027; 0,15563516755419823
70,40000000000028; 0,15563516755419823
70,50000000000027; 0,15563516755419823
70,60000000000025; 0,15563516755419823
70,70000000000024; 0,15563516755419823
70,80000000000025; 0,15563516755419823
70,90000000000025; 0,15563516755419823
71,00000000000023; 0,15563516755419823
71,10000000000022; 0,15563516755419823
71,20000000000023; 0,15616830220078465
71,30000000000022; 0,15616830220078465
71,4000000000002; 0,15616830220078465
71,5000000000002; 0,15616830220078465
72,80000000000014; 0,15563516755419823
72,90000000000013; 0,15563516755419823
73,00000000000011; 0,15563516755419823
73,10000000000012; 0,15563516755419823
73,20000000000012; 0,15563516755419823
73,30000000000011; 0,15563516755419823
73,40000000000009; 0,15563516755419823
73,5000000000001; 0,15563516755419823
73,6000000000001; 0,15563516755419823
73,70000000000009; 0,15563516755419823
73,80000000000007; 0,15563516755419823
73,90000000000008; 0,15563516755419823
74,00000000000007; 0,15563516755419823
74,10000000000008; 0,15563516755419823
74,20000000000005; 0,15563516755419823
74,30000000000005; 0,15563516755419823
74,40000000000005; 0,15563516755419823
75,69999999999999; 0,15563516755419823
75,79999999999995; 0,15563516755419823
75,89999999999996; 0,15563516755419823
75,99999999999996; 0,15563516755419823
76,09999999999997; 0,15563516755419823
76,19999999999993; 0,15563516755419823
76,29999999999994; 0,15563516755419823
76,39999999999993; 0,15563516755419823
76,49999999999991; 0,15563516755419823
76,59999999999991; 0,15563516755419823
76,69999999999992; 0,15563516755419823
76,79999999999991; 0,15563516755419823
76,89999999999989; 0,15563516755419823
79,09999999999978; 0,15563516755419823
79,19999999999979; 0,15563516755419823
79,29999999999976; 0,15563516755419823
79,39999999999976; 0,15563516755419823
79,49999999999976; 0,15563516755419823
79,59999999999977; 0,15563516755419823
79,69999999999973; 0,15563516755419823
79,79999999999974; 0,15563516755419823
79,89999999999974; 0,15563516755419823
79,99999999999974; 0,15563516755419823
80,09999999999971; 0,15563516755419823
80,19999999999972; 0,15563516755419823
80,29999999999971; 0,15563516755419823
80,39999999999972; 0,15563516755419823
80,49999999999969; 0,15563516755419823
80,5999999999997; 0,15563516755419823
80,69999999999969; 0,15563516755419823
80,7999999999997; 0,15563516755419823
80,89999999999966; 0,15563516755419823
80,99999999999967; 0,15563516755419823
82,39999999999958; 0,15563516755419823
82,49999999999959; 0,15563516755419823
82,59999999999958; 0,15563516755419823
82,69999999999958; 0,15563516755419823
82,79999999999956; 0,15563516755419823
82,89999999999957; 0,15563516755419823
82,99999999999956; 0,15563516755419823
83,09999999999955; 0,15563516755419823
83,19999999999953; 0,15563516755419823
83,29999999999954; 0,15563516755419823
83,39999999999954; 0,15563516755419823
83,49999999999953; 0,15563516755419823
83,59999999999951; 0,15563516755419823
83,69999999999952; 0,15563516755419823
83,79999999999951; 0,15563516755419823
83,89999999999951; 0,15563516755419823
83,99999999999949; 0,15563516755419823
85,6999999999994; 0,15456889826102532
85,79999999999941; 0,15456889826102532
85,89999999999941; 0,15456889826102532
85,99999999999939; 0,15456889826102532
86,09999999999938; 0,15456889826102532
86,19999999999939; 0,15456889826102532
86,29999999999939; 0,15456889826102532
86,39999999999937; 0,15456889826102532
86,49999999999936; 0,15456889826102532
86,59999999999937; 0,15350262896785238
86,69999999999938; 0,15350262896785238
86,79999999999934; 0,15350262896785238
86,89999999999935; 0,15350262896785238
86,99999999999935; 0,15350262896785238
87,09999999999935; 0,15350262896785238
87,19999999999932; 0,15350262896785238
87,29999999999933; 0,15350262896785238
88,59999999999926; 0,15350262896785238
88,69999999999924; 0,15350262896785238
88,79999999999924; 0,15350262896785238
88,89999999999924; 0,15350262896785238
88,99999999999923; 0,15350262896785238
89,09999999999921; 0,15350262896785238
89,19999999999922; 0,15350262896785238
89,29999999999922; 0,15350262896785238
89,39999999999921; 0,15350262896785238
89,49999999999919; 0,15350262896785238
89,5999999999992; 0,15350262896785238
89,69999999999919; 0,15350262896785238
89,7999999999992; 0,15350262896785238
89,89999999999917; 0,15403576361443885
89,99999999999916; 0,15403576361443885
90,09999999999917; 0,15403576361443885
90,19999999999916; 0,15403576361443885
90,29999999999914; 0,15403576361443885
90,39999999999914; 0,15403576361443885
90,49999999999915; 0,15403576361443885
90,59999999999914; 0,15403576361443885
91,49999999999908; 0,15456889826102532
91,59999999999907; 0,15456889826102532
91,69999999999906; 0,15456889826102532
91,79999999999909; 0,15456889826102532
91,89999999999905; 0,15456889826102532
91,99999999999905; 0,15456889826102532
92,09999999999904; 0,15456889826102532
92,19999999999906; 0,15456889826102532
92,29999999999903; 0,15456889826102532
93,19999999999898; 0,15563516755419823
93,29999999999897; 0,15563516755419823
93,39999999999897; 0,15563516755419823
93,49999999999896; 0,15563516755419823
94,89999999999891; 0,1567014368473711
94,99999999999888; 0,1567014368473711
95,09999999999887; 0,1567014368473711
95,1999999999989; 0,1567014368473711
95,29999999999889; 0,1567014368473711
95,39999999999885; 0,1567014368473711
95,49999999999885; 0,1567014368473711
95,59999999999887; 0,1567014368473711
95,69999999999887; 0,157767706140544
95,79999999999883; 0,157767706140544
95,89999999999883; 0,157767706140544
95,99999999999882; 0,157767706140544
96,09999999999884; 0,157767706140544
96,19999999999881; 0,157767706140544
96,2999999999988; 0,157767706140544
96,3999999999988; 0,157767706140544
96,49999999999882; 0,157767706140544
96,59999999999879; 0,157767706140544
96,69999999999878; 0,157767706140544
96,79999999999878; 0,157767706140544
96,8999999999988; 0,157767706140544
97,79999999999872; 0,157767706140544
97,89999999999871; 0,157767706140544
97,99999999999874; 0,157767706140544
98,09999999999873; 0,157767706140544
98,1999999999987; 0,157767706140544
98,29999999999869; 0,157767706140544
98,39999999999871; 0,157767706140544
98,4999999999987; 0,157767706140544
98,59999999999867; 0,157767706140544
98,69999999999867; 0,157767706140544
98,79999999999869; 0,157767706140544
98,89999999999866; 0,157767706140544
98,99999999999865; 0,157767706140544
99,09999999999864; 0,157767706140544
99,19999999999867; 0,157767706140544
99,29999999999863; 0,157767706140544
99,39999999999863; 0,157767706140544
99,49999999999862; 0,157767706140544
99,59999999999864; 0,157767706140544
99,69999999999861; 0,157767706140544
99,7999999999986; 0,157767706140544
99,89999999999863; 0,1567014368473711
99,99999999999862; 0,1567014368473711
100,09999999999859; 0,1567014368473711
100,19999999999858; 0,1567014368473711
101,09999999999856; 0,1567014368473711
101,19999999999855; 0,1567014368473711
101,29999999999852; 0,1567014368473711
101,39999999999851; 0,1567014368473711
101,49999999999851; 0,15563516755419823
101,5999999999985; 0,15563516755419823
101,6999999999985; 0,15563516755419823
101,79999999999849; 0,15563516755419823
101,89999999999849; 0,15563516755419823
101,99999999999848; 0,15563516755419823
102,09999999999847; 0,15563516755419823
102,19999999999847; 0,15563516755419823
102,29999999999846; 0,15563516755419823
102,39999999999846; 0,15563516755419823
102,49999999999845; 0,15563516755419823
102,59999999999845; 0,15563516755419823
102,69999999999844; 0,15563516755419823
102,79999999999843; 0,15563516755419823
102,89999999999843; 0,15563516755419823
102,99999999999842; 0,15563516755419823
103,09999999999842; 0,15563516755419823
104,39999999999834; 0,15403576361443885
104,49999999999837; 0,15403576361443885
104,59999999999836; 0,15403576361443885
104,69999999999835; 0,15403576361443885
104,79999999999832; 0,15403576361443885
104,89999999999834; 0,15403576361443885
104,99999999999834; 0,15403576361443885
105,09999999999833; 0,15403576361443885
105,1999999999983; 0,15403576361443885
105,29999999999832; 0,15403576361443885
105,39999999999831; 0,15403576361443885
105,49999999999831; 0,15403576361443885
105,5999999999983; 0,15403576361443885
105,69999999999827; 0,15350262896785238
105,79999999999829; 0,15350262896785238
105,89999999999829; 0,15350262896785238
105,99999999999825; 0,15350262896785238
106,09999999999825; 0,15350262896785238
106,19999999999827; 0,15350262896785238
106,29999999999826; 0,15350262896785238
106,39999999999823; 0,15350262896785238
107,39999999999817; 0,1524363596746795
107,49999999999817; 0,1524363596746795
107,59999999999816; 0,1524363596746795
107,69999999999816; 0,1524363596746795
107,79999999999815; 0,15137009038150662
107,89999999999814; 0,15137009038150662
107,99999999999814; 0,15137009038150662
108,09999999999813; 0,15137009038150662
108,19999999999813; 0,15137009038150662
108,29999999999815; 0,15137009038150662
108,39999999999812; 0,15137009038150662
108,49999999999811; 0,15137009038150662
108,5999999999981; 0,15137009038150662
108,69999999999813; 0,15137009038150662
108,7999999999981; 0,15137009038150662
108,89999999999809; 0,15137009038150662
108,99999999999811; 0,15190322502809306
109,0999999999981; 0,15190322502809306
109,19999999999807; 0,15190322502809306
109,2999999999981; 0,15190322502809306
110,69999999999798; 0,15030382108833368
110,79999999999798; 0,15030382108833368
110,89999999999797; 0,15030382108833368
110,999999999998; 0,15030382108833368
111,09999999999796; 0,15030382108833368
111,19999999999796; 0,15030382108833368
111,29999999999795; 0,15030382108833368
111,39999999999797; 0,15030382108833368
111,49999999999794; 0,15030382108833368
111,59999999999793; 0,15030382108833368
111,69999999999793; 0,15030382108833368
111,79999999999795; 0,15030382108833368
111,89999999999792; 0,15030382108833368
111,99999999999791; 0,15030382108833368
112,0999999999979; 0,15030382108833368
112,19999999999793; 0,15030382108833368
112,2999999999979; 0,15030382108833368
112,39999999999789; 0,15030382108833368
112,49999999999791; 0,15030382108833368
112,5999999999979; 0,15030382108833368
112,69999999999787; 0,15030382108833368
112,79999999999787; 0,15137009038150662
112,89999999999786; 0,15137009038150662
112,99999999999785; 0,15137009038150662
113,09999999999785; 0,15137009038150662
113,19999999999784; 0,15137009038150662
113,29999999999784; 0,15137009038150662
113,39999999999786; 0,15137009038150662
113,49999999999783; 0,15137009038150662
113,59999999999782; 0,15137009038150662
113,69999999999781; 0,15137009038150662
113,79999999999784; 0,15137009038150662
113,8999999999978; 0,15137009038150662
113,9999999999978; 0,15030382108833368
114,09999999999782; 0,15030382108833368
114,19999999999781; 0,15030382108833368
114,29999999999778; 0,15030382108833368
114,3999999999978; 0,15083695573492015
114,4999999999978; 0,15083695573492015
114,59999999999779; 0,15083695573492015
114,69999999999779; 0,15083695573492015
114,79999999999778; 0,15083695573492015
114,89999999999777; 0,15083695573492015
114,99999999999777; 0,15083695573492015
115,09999999999776; 0,15083695573492015
115,19999999999776; 0,15083695573492015
115,29999999999775; 0,15083695573492015
115,39999999999772; 0,15083695573492015
115,49999999999774; 0,15083695573492015
115,59999999999773; 0,15083695573492015
115,69999999999773; 0,15083695573492015
115,7999999999977; 0,15083695573492015
115,89999999999772; 0,15083695573492015
115,99999999999771; 0,15083695573492015
116,09999999999768; 0,15137009038150662
116,19999999999767; 0,15137009038150662
116,29999999999767; 0,15137009038150662
116,39999999999766; 0,15137009038150662
116,49999999999766; 0,15137009038150662
116,59999999999765; 0,15137009038150662
116,69999999999764; 0,15137009038150662
116,79999999999764; 0,15137009038150662
116,89999999999763; 0,15137009038150662
116,99999999999763; 0,15137009038150662
117,09999999999762; 0,15137009038150662
117,19999999999762; 0,15137009038150662
117,29999999999761; 0,15137009038150662
117,3999999999976; 0,15137009038150662
117,4999999999976; 0,15137009038150662
117,59999999999759; 0,15137009038150662
117,69999999999759; 0,15137009038150662
117,79999999999758; 0,15137009038150662
117,89999999999758; 0,15137009038150662
117,99999999999757; 0,15137009038150662
118,09999999999756; 0,15137009038150662
118,19999999999756; 0,15137009038150662
118,29999999999755; 0,15137009038150662
118,39999999999755; 0,15137009038150662
118,49999999999757; 0,15137009038150662
118,59999999999754; 0,15137009038150662
118,69999999999753; 0,15137009038150662
118,79999999999752; 0,15137009038150662
118,89999999999755; 0,15137009038150662
118,99999999999751; 0,1524363596746795
119,09999999999751; 0,1524363596746795
119,1999999999975; 0,1524363596746795
119,2999999999975; 0,1524363596746795
119,39999999999749; 0,1524363596746795
119,49999999999748; 0,1524363596746795
119,59999999999748; 0,1524363596746795
119,69999999999747; 0,1524363596746795
119,79999999999747; 0,1524363596746795
119,89999999999746; 0,1524363596746795
119,99999999999746; 0,1524363596746795
120,09999999999745; 0,1524363596746795
120,19999999999744; 0,1524363596746795
120,29999999999744; 0,1524363596746795
120,39999999999743; 0,1524363596746795
120,49999999999743; 0,1524363596746795
120,59999999999742; 0,1524363596746795
120,69999999999742; 0,15137009038150662
120,79999999999741; 0,15137009038150662
120,8999999999974; 0,15137009038150662
120,9999999999974; 0,15137009038150662
121,0999999999974; 0,15137009038150662
121,19999999999739; 0,15137009038150662
121,29999999999738; 0,15137009038150662
121,39999999999738; 0,15137009038150662
121,49999999999737; 0,15137009038150662
121,59999999999737; 0,15137009038150662
121,69999999999736; 0,15137009038150662
121,79999999999735; 0,15137009038150662
121,89999999999738; 0,15083695573492015
121,99999999999737; 0,15083695573492015
122,09999999999734; 0,15083695573492015
122,19999999999736; 0,15083695573492015
122,29999999999733; 0,15137009038150662
122,39999999999732; 0,15137009038150662
122,49999999999731; 0,15137009038150662
122,59999999999731; 0,15137009038150662
122,69999999999733; 0,15030382108833368
122,79999999999733; 0,15030382108833368
122,89999999999729; 0,15030382108833368
122,99999999999729; 0,15030382108833368
123,09999999999731; 0,15030382108833368
123,1999999999973; 0,15030382108833368
123,29999999999727; 0,15030382108833368
123,39999999999726; 0,15030382108833368
123,49999999999729; 0,15030382108833368
123,59999999999728; 0,15030382108833368
123,69999999999725; 0,15030382108833368
123,79999999999724; 0,15030382108833368
123,89999999999726; 0,15030382108833368
124,39999999999723; 0,1492375517951608
124,4999999999972; 0,1492375517951608
124,59999999999722; 0,1492375517951608
124,69999999999722; 0,1492375517951608
124,79999999999721; 0,1492375517951608
124,89999999999718; 0,1492375517951608
124,9999999999972; 0,1492375517951608
125,0999999999972; 0,1492375517951608
125,19999999999716; 0,1481712825019879
125,29999999999715; 0,1481712825019879
125,39999999999715; 0,1481712825019879
125,49999999999714; 0,1481712825019879
125,59999999999714; 0,1481712825019879
125,69999999999713; 0,1481712825019879
125,79999999999713; 0,1481712825019879
125,89999999999712; 0,1481712825019879
125,99999999999712; 0,1481712825019879
126,09999999999711; 0,14710501320881497
126,1999999999971; 0,14710501320881497
126,29999999999713; 0,14710501320881497
126,39999999999712; 0,14710501320881497
126,49999999999712; 0,14763814785540144
126,59999999999711; 0,14763814785540144
126,6999999999971; 0,14763814785540144
126,79999999999707; 0,14763814785540144
126,89999999999709; 0,14763814785540144
126,99999999999709; 0,14763814785540144
127,09999999999708; 0,14763814785540144
127,19999999999705; 0,14763814785540144
127,29999999999707; 0,14763814785540144
127,39999999999706; 0,14763814785540144
127,49999999999706; 0,14763814785540144
127,59999999999702; 0,14763814785540144
127,69999999999705; 0,14763814785540144
127,79999999999704; 0,14763814785540144
127,89999999999704; 0,14763814785540144
127,999999999997; 0,14763814785540144
128,099999999997; 0,14763814785540144
128,19999999999703; 0,14763814785540144
128,29999999999706; 0,14763814785540144
128,39999999999696; 0,14763814785540144
128,499999999997; 0,14763814785540144
128,599999999997; 0,14763814785540144
128,69999999999703; 0,14763814785540144
128,79999999999694; 0,14763814785540144
128,89999999999696; 0,14763814785540144
128,99999999999693; 0,1481712825019879
129,09999999999695; 0,1481712825019879
129,19999999999692; 0,1481712825019879
129,29999999999694; 0,1481712825019879
129,39999999999696; 0,1492375517951608
129,499999999997; 0,1492375517951608
129,5999999999969; 0,1492375517951608
129,69999999999692; 0,1492375517951608
129,79999999999694; 0,14977068644174724
129,89999999999696; 0,14977068644174724
129,99999999999693; 0,14977068644174724
130,09999999999695; 0,14977068644174724
130,19999999999692; 0,15083695573492015
130,29999999999694; 0,15083695573492015
130,3999999999969; 0,15083695573492015
130,49999999999693; 0,15083695573492015
130,59999999999684; 0,15137009038150662
130,69999999999686; 0,15137009038150662
130,79999999999683; 0,15137009038150662
130,89999999999685; 0,15137009038150662
130,99999999999682; 0,15137009038150662
131,09999999999684; 0,15137009038150662
131,1999999999968; 0,15137009038150662
131,29999999999683; 0,15137009038150662
131,3999999999968; 0,15137009038150662
131,49999999999682; 0,15137009038150662
131,59999999999678; 0,15137009038150662
131,6999999999968; 0,15137009038150662
131,79999999999677; 0,15137009038150662
131,8999999999968; 0,1524363596746795
131,99999999999676; 0,1524363596746795
132,09999999999678; 0,1524363596746795
132,19999999999675; 0,1524363596746795
132,29999999999683; 0,15510203290761176
132,3999999999968; 0,15510203290761176
132,49999999999682; 0,15510203290761176
132,59999999999678; 0,15510203290761176
132,6999999999968; 0,15723457149395756
132,79999999999677; 0,15723457149395756
132,8999999999968; 0,15723457149395756
132,99999999999676; 0,15723457149395756
133,09999999999678; 0,15936711008030335
133,1999999999967; 0,15936711008030335
133,29999999999671; 0,15936711008030335
133,39999999999674; 0,15936711008030335
133,49999999999676; 0,15936711008030335
133,59999999999667; 0,1599002447268898
133,6999999999967; 0,1599002447268898
133,79999999999666; 0,1599002447268898
133,89999999999668; 0,1599002447268898
133,99999999999665; 0,1588339754337169
134,09999999999667; 0,1588339754337169
134,19999999999663; 0,1588339754337169
134,29999999999671; 0,1588339754337169
134,39999999999662; 0,1588339754337169
134,49999999999665; 0,1588339754337169
134,59999999999667; 0,1588339754337169
134,6999999999967; 0,1588339754337169
134,7999999999966; 0,1609665140200627
134,89999999999662; 0,1609665140200627
134,99999999999665; 0,1609665140200627
135,09999999999667; 0,1609665140200627
135,19999999999663; 0,16043337937347626
135,29999999999666; 0,16043337937347626
135,39999999999662; 0,16043337937347626
135,49999999999665; 0,16043337937347626
135,59999999999656; 0,16203278331323562
135,69999999999658; 0,16203278331323562
135,7999999999966; 0,16203278331323562
135,89999999999662; 0,16203278331323562
135,99999999999653; 0,16203278331323562
136,0999999999966; 0,16043337937347626
136,19999999999658; 0,16043337937347626
136,2999999999966; 0,16043337937347626
136,39999999999657; 0,16043337937347626
136,49999999999653; 0,1599002447268898
136,5999999999965; 0,1599002447268898
136,69999999999652; 0,1599002447268898
136,7999999999965; 0,1599002447268898
137,2999999999965; 0,157767706140544
137,3999999999965; 0,157767706140544
137,49999999999648; 0,157767706140544
137,59999999999644; 0,157767706140544
137,69999999999646; 0,157767706140544
137,79999999999643; 0,157767706140544
137,89999999999645; 0,157767706140544
137,99999999999642; 0,157767706140544
138,09999999999644; 0,1588339754337169
138,1999999999964; 0,1588339754337169
138,29999999999643; 0,1588339754337169
138,3999999999964; 0,1588339754337169
138,49999999999642; 0,1588339754337169
138,59999999999638; 0,15830084078713047
138,6999999999964; 0,15830084078713047
138,79999999999643; 0,15830084078713047
138,89999999999645; 0,15830084078713047
138,99999999999636; 0,15830084078713047
139,09999999999644; 0,15830084078713047
139,1999999999964; 0,15830084078713047
139,29999999999643; 0,15830084078713047
139,39999999999634; 0,15830084078713047
139,49999999999642; 0,15830084078713047
139,59999999999638; 0,15830084078713047
139,6999999999964; 0,15830084078713047
139,79999999999637; 0,15723457149395756
139,8999999999964; 0,15723457149395756
139,99999999999636; 0,15723457149395756
140,09999999999638; 0,15723457149395756
140,1999999999963; 0,15616830220078465
140,29999999999632; 0,15616830220078465
140,39999999999634; 0,15616830220078465
140,49999999999636; 0,15616830220078465
140,59999999999627; 0,15563516755419823
140,6999999999963; 0,15563516755419823
140,79999999999626; 0,15563516755419823
140,89999999999628; 0,15563516755419823
140,99999999999625; 0,15563516755419823
141,09999999999627; 0,15563516755419823
141,19999999999624; 0,15563516755419823
141,29999999999626; 0,15563516755419823
141,39999999999623; 0,15563516755419823
141,49999999999625; 0,15563516755419823
141,59999999999621; 0,15563516755419823
141,69999999999624; 0,15563516755419823
141,7999999999962; 0,15563516755419823
141,89999999999628; 0,15403576361443885
141,99999999999625; 0,15403576361443885
142,09999999999627; 0,15403576361443885
142,19999999999624; 0,15403576361443885
142,29999999999626; 0,15403576361443885
142,39999999999623; 0,15403576361443885
142,49999999999625; 0,15403576361443885
142,59999999999621; 0,15403576361443885
142,69999999999624; 0,15296949432126594
142,7999999999962; 0,15296949432126594
142,89999999999623; 0,15296949432126594
142,9999999999962; 0,15296949432126594
143,09999999999616; 0,1524363596746795
143,19999999999612; 0,1524363596746795
143,29999999999615; 0,1524363596746795
143,3999999999961; 0,1524363596746795
143,49999999999613; 0,1524363596746795
143,5999999999961; 0,1524363596746795
143,69999999999612; 0,1524363596746795
143,7999999999961; 0,1524363596746795
143,8999999999961; 0,1524363596746795
143,99999999999608; 0,15137009038150662
144,09999999999616; 0,15137009038150662
144,19999999999607; 0,15137009038150662
144,2999999999961; 0,15137009038150662
144,3999999999961; 0,15030382108833368
144,49999999999613; 0,15030382108833368
144,59999999999604; 0,15030382108833368
144,69999999999607; 0,15030382108833368
144,7999999999961; 0,14977068644174724
144,8999999999961; 0,14977068644174724
144,99999999999608; 0,14977068644174724
145,0999999999961; 0,14977068644174724
145,19999999999607; 0,14870441714857438
145,2999999999961; 0,14870441714857438
145,399999999996; 0,14870441714857438
145,49999999999602; 0,14870441714857438
145,59999999999604; 0,14870441714857438
145,69999999999607; 0,14870441714857438
145,79999999999598; 0,14870441714857438
145,899999999996; 0,14870441714857438
145,99999999999602; 0,14870441714857438
146,09999999999604; 0,14870441714857438
146,19999999999595; 0,14870441714857438
146,29999999999598; 0,14870441714857438
146,399999999996; 0,1492375517951608
146,49999999999602; 0,1492375517951608
146,599999999996; 0,1492375517951608
146,699999999996; 0,1492375517951608
146,79999999999598; 0,1492375517951608
146,899999999996; 0,14870441714857438
146,9999999999959; 0,14870441714857438
147,099999999996; 0,14870441714857438
147,19999999999595; 0,14870441714857438
147,29999999999598; 0,14870441714857438
147,39999999999588; 0,14870441714857438
147,49999999999596; 0,14870441714857438
147,59999999999593; 0,14870441714857438
147,69999999999595; 0,14870441714857438
147,79999999999586; 0,14870441714857438
147,89999999999594; 0,14870441714857438
147,9999999999959; 0,14870441714857438
148,09999999999587; 0,14870441714857438
148,1999999999959; 0,14870441714857438
148,29999999999592; 0,14870441714857438
148,39999999999588; 0,14870441714857438
148,49999999999585; 0,14870441714857438
148,59999999999587; 0,14870441714857438
148,6999999999959; 0,14870441714857438
148,79999999999586; 0,14870441714857438
148,89999999999583; 0,14870441714857438
148,99999999999585; 0,14870441714857438
149,09999999999587; 0,14870441714857438
149,19999999999578; 0,14870441714857438
149,2999999999958; 0,14870441714857438
149,39999999999583; 0,14870441714857438
149,49999999999585; 0,14870441714857438
149,59999999999576; 0,14870441714857438
149,69999999999578; 0,14870441714857438
149,7999999999958; 0,14870441714857438
149,89999999999583; 0,14870441714857438
149,99999999999574; 0,14870441714857438
150,09999999999576; 0,14870441714857438
150,19999999999578; 0,1492375517951608
150,2999999999958; 0,1492375517951608
150,3999999999957; 0,1492375517951608
150,49999999999574; 0,1492375517951608
150,59999999999576; 0,14977068644174724
150,69999999999578; 0,14977068644174724
150,79999999999575; 0,14977068644174724
150,89999999999577; 0,14977068644174724
150,99999999999574; 0,14977068644174724
151,09999999999576; 0,14977068644174724
151,19999999999573; 0,14977068644174724
151,29999999999575; 0,14977068644174724
151,3999999999957; 0,15083695573492015
151,49999999999574; 0,15083695573492015
151,5999999999957; 0,15083695573492015
151,69999999999573; 0,15083695573492015
151,7999999999957; 0,15083695573492015
151,8999999999957; 0,15083695573492015
151,99999999999568; 0,15083695573492015
152,0999999999957; 0,15083695573492015
152,19999999999567; 0,15083695573492015
152,2999999999957; 0,15083695573492015
152,39999999999566; 0,15083695573492015
152,49999999999568; 0,15083695573492015
152,59999999999565; 0,15083695573492015
152,69999999999567; 0,1492375517951608
152,79999999999558; 0,1492375517951608
152,89999999999566; 0,1492375517951608
152,99999999999562; 0,1492375517951608
153,09999999999565; 0,1492375517951608
153,1999999999956; 0,1492375517951608
153,29999999999563; 0,1492375517951608
153,3999999999956; 0,1492375517951608
153,49999999999562; 0,1492375517951608
153,5999999999956; 0,1492375517951608
153,6999999999956; 0,1492375517951608
153,79999999999558; 0,1492375517951608
153,8999999999956; 0,14977068644174724
153,99999999999557; 0,14977068644174724
154,0999999999956; 0,14977068644174724
154,19999999999555; 0,14977068644174724
154,29999999999558; 0,14977068644174724
154,39999999999554; 0,14977068644174724
154,49999999999557; 0,14977068644174724
154,59999999999553; 0,14977068644174724
154,69999999999555; 0,14977068644174724
154,79999999999552; 0,14977068644174724
154,89999999999554; 0,14977068644174724
154,9999999999955; 0,14977068644174724
155,09999999999553; 0,14977068644174724
155,1999999999955; 0,14977068644174724
155,29999999999552; 0,14977068644174724
155,3999999999955; 0,14977068644174724
155,4999999999955; 0,14977068644174724
155,59999999999548; 0,14977068644174724
155,6999999999955; 0,14977068644174724
155,79999999999546; 0,14977068644174724
155,8999999999955; 0,14977068644174724
155,9999999999954; 0,1481712825019879
156,09999999999542; 0,1481712825019879
156,19999999999538; 0,1481712825019879
156,2999999999954; 0,1481712825019879
156,39999999999537; 0,1481712825019879
156,4999999999954; 0,1481712825019879
156,59999999999536; 0,1481712825019879
156,69999999999544; 0,1481712825019879
156,7999999999954; 0,14977068644174724
156,89999999999543; 0,14977068644174724
156,9999999999954; 0,14977068644174724
157,09999999999542; 0,14977068644174724
157,19999999999538; 0,14977068644174724
157,2999999999954; 0,14977068644174724
157,39999999999537; 0,14977068644174724
157,4999999999954; 0,14977068644174724
157,59999999999536; 0,14977068644174724
157,69999999999538; 0,14977068644174724
157,79999999999535; 0,14977068644174724
157,89999999999537; 0,14977068644174724
157,99999999999534; 0,14977068644174724
158,09999999999536; 0,14977068644174724
158,19999999999533; 0,14977068644174724
158,29999999999535; 0,14977068644174724
158,39999999999532; 0,14977068644174724
158,49999999999534; 0,14977068644174724
158,5999999999953; 0,14977068644174724
158,69999999999533; 0,14977068644174724
158,7999999999953; 0,14977068644174724
158,89999999999532; 0,14977068644174724
158,99999999999528; 0,14977068644174724
159,0999999999953; 0,14977068644174724
159,19999999999527; 0,14977068644174724
159,29999999999524; 0,1481712825019879
159,39999999999526; 0,1481712825019879
159,49999999999523; 0,1481712825019879
159,5999999999952; 0,1481712825019879
159,6999999999952; 0,1481712825019879
159,79999999999524; 0,1481712825019879
159,8999999999952; 0,1481712825019879
159,99999999999517; 0,1481712825019879
160,0999999999952; 0,1481712825019879
160,1999999999952; 0,14977068644174724
160,29999999999524; 0,14977068644174724
160,3999999999952; 0,14977068644174724
160,49999999999523; 0,14977068644174724
160,5999999999952; 0,14977068644174724
160,6999999999952; 0,14977068644174724
160,79999999999518; 0,14977068644174724
160,8999999999952; 0,14977068644174724
160,9999999999951; 0,15030382108833368
161,09999999999513; 0,15030382108833368
161,19999999999516; 0,15030382108833368
161,29999999999518; 0,15030382108833368
161,3999999999951; 0,15030382108833368
161,4999999999951; 0,15030382108833368
161,59999999999513; 0,15030382108833368
161,69999999999516; 0,15030382108833368
161,79999999999507; 0,15190322502809306
161,8999999999951; 0,15190322502809306
161,9999999999951; 0,15190322502809306
162,09999999999513; 0,15190322502809306
162,19999999999504; 0,15190322502809306
163,09999999999502; 0,1524363596746795
163,199999999995; 0,1524363596746795
163,299999999995; 0,1524363596746795
163,39999999999498; 0,1524363596746795
163,499999999995; 0,1524363596746795
163,59999999999496; 0,1524363596746795
163,699999999995; 0,1524363596746795
163,79999999999495; 0,1524363596746795
163,89999999999498; 0,1524363596746795
163,99999999999494; 0,1524363596746795
164,09999999999496; 0,1524363596746795
164,19999999999493; 0,1524363596746795
164,29999999999495; 0,1524363596746795
164,39999999999492; 0,1524363596746795
164,49999999999494; 0,1524363596746795
164,5999999999949; 0,1524363596746795
164,69999999999493; 0,1524363596746795
164,79999999999495; 0,15296949432126594
164,89999999999498; 0,15296949432126594
164,99999999999494; 0,15296949432126594
165,09999999999496; 0,15296949432126594
165,19999999999493; 0,15350262896785238
165,29999999999495; 0,15350262896785238
165,39999999999486; 0,15350262896785238
165,49999999999488; 0,15350262896785238
166,39999999999486; 0,15350262896785238
166,49999999999488; 0,15350262896785238
166,5999999999948; 0,15350262896785238
166,69999999999487; 0,15350262896785238
166,79999999999484; 0,15350262896785238
166,89999999999486; 0,15350262896785238
166,99999999999483; 0,15350262896785238
167,09999999999485; 0,15350262896785238
167,19999999999482; 0,15350262896785238
167,29999999999484; 0,15350262896785238
167,3999999999948; 0,15350262896785238
167,49999999999483; 0,15350262896785238
167,5999999999948; 0,15350262896785238
167,69999999999482; 0,15350262896785238
167,79999999999478; 0,15350262896785238
167,8999999999948; 0,15350262896785238
167,99999999999477; 0,15350262896785238
168,0999999999948; 0,15137009038150662
168,1999999999947; 0,15137009038150662
168,29999999999472; 0,15137009038150662
168,39999999999475; 0,15137009038150662
168,49999999999477; 0,1492375517951608
168,59999999999474; 0,1492375517951608
168,69999999999476; 0,1492375517951608
168,79999999999472; 0,1492375517951608
168,89999999999475; 0,1481712825019879
168,99999999999466; 0,1481712825019879
169,09999999999468; 0,1481712825019879
169,1999999999947; 0,1481712825019879
169,29999999999472; 0,1481712825019879
169,39999999999463; 0,1481712825019879
169,49999999999466; 0,1481712825019879
169,59999999999468; 0,1481712825019879
169,6999999999947; 0,15190322502809306
169,79999999999467; 0,15190322502809306
169,8999999999947; 0,15190322502809306
169,99999999999466; 0,15190322502809306
170,09999999999468; 0,15190322502809306
170,19999999999465; 0,15190322502809306
170,29999999999467; 0,15190322502809306
170,39999999999463; 0,15190322502809306
170,4999999999946; 0,15190322502809306
170,59999999999462; 0,15190322502809306
170,69999999999465; 0,15190322502809306
170,7999999999946; 0,15190322502809306
170,89999999999458; 0,15190322502809306
170,9999999999946; 0,15190322502809306
171,09999999999462; 0,15190322502809306
171,19999999999453; 0,15190322502809306
171,29999999999455; 0,15190322502809306
171,39999999999458; 0,15190322502809306
171,4999999999946; 0,15190322502809306
171,5999999999945; 0,15190322502809306
171,69999999999453; 0,15190322502809306
172,69999999999447; 0,1524363596746795
172,79999999999444; 0,1524363596746795
172,89999999999446; 0,1524363596746795
172,99999999999443; 0,1524363596746795
173,09999999999445; 0,1524363596746795
173,19999999999442; 0,1524363596746795
173,29999999999444; 0,1524363596746795
173,3999999999944; 0,1524363596746795
173,4999999999945; 0,15296949432126594
173,59999999999445; 0,15296949432126594
173,69999999999447; 0,15296949432126594
173,79999999999444; 0,15296949432126594
173,89999999999446; 0,15350262896785238
173,99999999999437; 0,15350262896785238
174,0999999999944; 0,15350262896785238
174,19999999999442; 0,15350262896785238
174,29999999999444; 0,15403576361443885
174,3999999999944; 0,15403576361443885
174,49999999999443; 0,15403576361443885
174,5999999999944; 0,15403576361443885
174,69999999999442; 0,15456889826102532
174,79999999999433; 0,15456889826102532
174,89999999999435; 0,15456889826102532
174,99999999999437; 0,15456889826102532
175,0999999999944; 0,15456889826102532
175,99999999999432; 0,15403576361443885
176,09999999999434; 0,15403576361443885
176,1999999999943; 0,15403576361443885
176,29999999999433; 0,15403576361443885
176,3999999999943; 0,15403576361443885
176,49999999999432; 0,15403576361443885
176,59999999999428; 0,15403576361443885
176,6999999999943; 0,15403576361443885
176,79999999999427; 0,15616830220078465
176,8999999999943; 0,15616830220078465
176,9999999999942; 0,15616830220078465
177,09999999999422; 0,15616830220078465
177,1999999999942; 0,15616830220078465
177,2999999999942; 0,15616830220078465
177,39999999999424; 0,15616830220078465
177,49999999999426; 0,15616830220078465
177,59999999999422; 0,15616830220078465
177,69999999999425; 0,15616830220078465
177,79999999999416; 0,15616830220078465
177,89999999999418; 0,15616830220078465
177,99999999999415; 0,15616830220078465
179,29999999999416; 0,15563516755419823
179,39999999999412; 0,15563516755419823
179,49999999999415; 0,15563516755419823
179,5999999999941; 0,15563516755419823
179,69999999999413; 0,15563516755419823
179,7999999999941; 0,15563516755419823
179,89999999999412; 0,15563516755419823
179,9999999999941; 0,15563516755419823
180,0999999999941; 0,15563516755419823
180,19999999999408; 0,15563516755419823
180,2999999999941; 0,15563516755419823
180,39999999999407; 0,15563516755419823
180,4999999999941; 0,15563516755419823
182,19999999999396; 0,15456889826102532
182,299999999994; 0,15456889826102532
182,3999999999939; 0,15456889826102532
182,49999999999397; 0,15456889826102532
183,49999999999392; 0,15563516755419823
183,59999999999388; 0,15563516755419823
183,6999999999939; 0,15563516755419823
183,79999999999387; 0,15563516755419823
183,8999999999939; 0,1567014368473711
183,9999999999938; 0,1567014368473711
184,09999999999383; 0,1567014368473711
184,1999999999938; 0,1567014368473711
184,29999999999387; 0,1567014368473711
184,39999999999384; 0,1567014368473711
184,49999999999386; 0,1567014368473711
184,59999999999383; 0,1567014368473711
185,5999999999937; 0,1588339754337169
185,69999999999374; 0,1588339754337169
185,7999999999937; 0,1588339754337169
185,89999999999372; 0,1588339754337169
185,9999999999937; 0,1588339754337169
186,09999999999377; 0,1588339754337169
186,19999999999374; 0,1588339754337169
186,29999999999376; 0,1588339754337169
186,39999999999367; 0,1588339754337169
186,4999999999937; 0,1588339754337169
186,59999999999366; 0,1588339754337169
186,69999999999368; 0,1588339754337169
186,7999999999937; 0,15830084078713047
186,89999999999372; 0,15830084078713047
186,9999999999937; 0,15830084078713047
187,0999999999937; 0,15830084078713047
187,19999999999362; 0,157767706140544
187,29999999999364; 0,157767706140544
187,3999999999936; 0,157767706140544
187,49999999999363; 0,157767706140544
188,89999999999355; 0,157767706140544
188,99999999999352; 0,157767706140544
189,09999999999354; 0,157767706140544
189,19999999999357; 0,157767706140544
189,2999999999936; 0,157767706140544
189,39999999999355; 0,157767706140544
189,49999999999358; 0,157767706140544
189,59999999999349; 0,157767706140544
189,6999999999935; 0,15723457149395756
189,79999999999347; 0,15723457149395756
189,8999999999935; 0,15723457149395756
189,99999999999352; 0,15723457149395756
190,09999999999354; 0,15723457149395756
190,1999999999935; 0,15723457149395756
190,29999999999353; 0,15723457149395756
190,39999999999344; 0,15723457149395756
190,49999999999346; 0,1567014368473711
190,59999999999349; 0,1567014368473711
190,6999999999935; 0,1567014368473711
190,79999999999347; 0,1567014368473711
190,8999999999935; 0,1567014368473711
191,79999999999342; 0,1567014368473711
191,89999999999344; 0,1567014368473711
191,99999999999335; 0,1567014368473711
192,09999999999337; 0,1567014368473711
192,1999999999934; 0,15616830220078465
192,29999999999342; 0,15616830220078465
192,39999999999338; 0,15616830220078465
192,4999999999934; 0,15616830220078465
192,59999999999337; 0,15563516755419823
192,69999999999334; 0,15563516755419823
192,79999999999336; 0,15563516755419823
192,89999999999338; 0,15563516755419823
192,9999999999933; 0,15350262896785238
193,09999999999332; 0,15350262896785238
193,19999999999328; 0,15350262896785238
193,2999999999933; 0,15350262896785238
193,39999999999333; 0,15350262896785238
193,4999999999933; 0,15137009038150662
193,59999999999326; 0,15137009038150662
193,69999999999328; 0,15137009038150662
193,79999999999325; 0,15137009038150662
193,89999999999327; 0,15137009038150662
193,9999999999933; 0,15137009038150662
194,09999999999332; 0,15137009038150662
194,19999999999322; 0,15137009038150662
194,29999999999325; 0,15137009038150662
194,3999999999932; 0,15137009038150662
194,49999999999324; 0,15137009038150662
194,5999999999932; 0,15137009038150662
195,0999999999932; 0,1524363596746795
195,19999999999317; 0,1524363596746795
195,2999999999932; 0,1524363596746795
195,39999999999316; 0,1524363596746795
195,49999999999318; 0,1524363596746795
195,5999999999932; 0,1524363596746795
195,69999999999322; 0,1524363596746795
195,79999999999313; 0,1524363596746795
195,8999999999932; 0,15190322502809306
195,99999999999318; 0,15190322502809306
196,0999999999932; 0,15190322502809306
196,19999999999317; 0,15190322502809306
196,2999999999932; 0,15190322502809306
196,39999999999316; 0,15190322502809306
196,49999999999318; 0,15190322502809306
196,59999999999314; 0,15190322502809306
196,69999999999317; 0,15190322502809306
196,79999999999313; 0,15190322502809306
196,89999999999316; 0,15190322502809306
196,99999999999312; 0,15190322502809306
197,09999999999314; 0,15190322502809306
197,99999999999307; 0,15190322502809306
198,0999999999931; 0,15190322502809306
198,19999999999305; 0,15190322502809306
198,29999999999308; 0,15190322502809306
198,39999999999304; 0,15190322502809306
198,49999999999307; 0,15190322502809306
198,59999999999303; 0,15190322502809306
198,69999999999305; 0,15190322502809306
198,79999999999302; 0,15190322502809306
198,89999999999304; 0,15137009038150662
198,99999999999295; 0,15137009038150662
199,09999999999297; 0,15137009038150662
199,19999999999294; 0,15137009038150662
199,29999999999296; 0,15137009038150662
199,39999999999299; 0,15137009038150662
199,499999999993; 0,15137009038150662
199,59999999999297; 0,15137009038150662
199,699999999993; 0,15137009038150662
199,7999999999929; 0,15137009038150662
199,89999999999293; 0,15137009038150662
199,9999999999929; 0,15137009038150662
201,39999999999287; 0,15083695573492015
201,4999999999929; 0,15083695573492015
201,59999999999286; 0,15083695573492015
201,69999999999288; 0,15083695573492015
201,79999999999285; 0,15083695573492015
201,89999999999287; 0,15083695573492015
201,9999999999929; 0,15083695573492015
202,09999999999292; 0,15083695573492015
202,19999999999283; 0,15083695573492015
202,29999999999285; 0,15083695573492015
202,39999999999281; 0,15083695573492015
202,49999999999284; 0,15083695573492015
202,5999999999928; 0,15083695573492015
202,69999999999283; 0,15083695573492015
202,79999999999285; 0,15083695573492015
202,89999999999287; 0,15083695573492015
202,99999999999272; 0,15030382108833368
203,09999999999275; 0,15030382108833368
203,19999999999277; 0,15030382108833368
203,2999999999928; 0,15030382108833368
204,29999999999274; 0,15030382108833368
204,3999999999927; 0,15030382108833368
204,49999999999267; 0,15030382108833368
204,59999999999263; 0,15030382108833368
204,69999999999266; 0,15137009038150662
204,79999999999262; 0,15137009038150662
204,89999999999264; 0,15137009038150662
204,99999999999267; 0,15137009038150662
205,0999999999927; 0,15137009038150662
205,1999999999926; 0,15137009038150662
205,29999999999262; 0,15137009038150662
205,3999999999926; 0,15137009038150662
205,4999999999926; 0,15137009038150662
205,59999999999258; 0,15137009038150662
205,6999999999926; 0,15137009038150662
205,79999999999262; 0,15137009038150662
205,89999999999264; 0,15083695573492015
205,9999999999926; 0,15083695573492015
206,09999999999263; 0,15083695573492015
206,1999999999926; 0,15083695573492015
206,29999999999256; 0,15030382108833368
206,3999999999926; 0,15030382108833368
206,4999999999926; 0,15030382108833368
206,59999999999258; 0,15030382108833368
206,6999999999926; 0,15030382108833368
207,59999999999246; 0,1481712825019879
207,69999999999249; 0,1481712825019879
207,7999999999925; 0,1481712825019879
207,89999999999253; 0,1481712825019879
207,9999999999925; 0,1481712825019879
208,09999999999252; 0,1481712825019879
208,19999999999249; 0,1481712825019879
208,2999999999925; 0,1481712825019879
208,39999999999247; 0,14710501320881497
208,4999999999925; 0,14710501320881497
208,59999999999246; 0,14710501320881497
208,69999999999249; 0,14710501320881497
208,79999999999245; 0,14710501320881497
208,89999999999247; 0,14710501320881497
208,99999999999244; 0,14710501320881497
209,09999999999246; 0,14710501320881497
209,19999999999243; 0,14710501320881497
209,29999999999245; 0,14710501320881497
209,39999999999242; 0,14710501320881497
209,49999999999244; 0,14710501320881497
209,5999999999924; 0,14710501320881497
210,8999999999923; 0,1492375517951608
210,99999999999233; 0,1492375517951608
211,09999999999235; 0,1492375517951608
211,19999999999231; 0,1492375517951608
211,29999999999234; 0,15030382108833368
211,3999999999923; 0,15030382108833368
211,49999999999233; 0,15030382108833368
211,59999999999224; 0,15030382108833368
211,69999999999226; 0,15030382108833368
211,79999999999222; 0,15137009038150662
211,89999999999225; 0,15137009038150662
211,99999999999227; 0,15137009038150662
212,0999999999923; 0,15137009038150662
212,19999999999226; 0,15137009038150662
212,29999999999228; 0,15137009038150662
212,3999999999922; 0,15137009038150662
212,4999999999922; 0,15137009038150662
212,59999999999218; 0,15137009038150662
212,6999999999922; 0,15137009038150662
212,79999999999222; 0,15137009038150662
212,89999999999225; 0,15137009038150662
213,79999999999217; 0,1524363596746795
213,8999999999922; 0,1524363596746795
213,9999999999921; 0,1524363596746795
214,09999999999212; 0,1524363596746795
214,1999999999921; 0,1524363596746795
214,2999999999921; 0,15350262896785238
214,39999999999208; 0,15350262896785238
214,4999999999921; 0,15350262896785238
214,59999999999212; 0,15350262896785238
214,69999999999214; 0,15350262896785238
214,79999999999205; 0,15350262896785238
214,89999999999208; 0,15350262896785238
214,99999999999204; 0,15350262896785238
215,09999999999212; 0,15456889826102532
215,1999999999921; 0,15456889826102532
215,2999999999921; 0,15456889826102532
215,39999999999208; 0,15456889826102532
217,19999999999197; 0,1567014368473711
217,299999999992; 0,1567014368473711
217,39999999999196; 0,1567014368473711
217,49999999999199; 0,1567014368473711
217,59999999999195; 0,1567014368473711
217,69999999999197; 0,1567014368473711
217,79999999999188; 0,1567014368473711
217,8999999999919; 0,1567014368473711
217,99999999999193; 0,1567014368473711
218,09999999999195; 0,1567014368473711
218,19999999999192; 0,1567014368473711
218,29999999999194; 0,1567014368473711
218,3999999999919; 0,1567014368473711
218,49999999999193; 0,1567014368473711
218,59999999999184; 0,1567014368473711
218,69999999999186; 0,1567014368473711
218,79999999999188; 0,1567014368473711
218,8999999999919; 0,1567014368473711
218,99999999999187; 0,1567014368473711
219,0999999999919; 0,1567014368473711
220,49999999999181; 0,1567014368473711
220,59999999999178; 0,1567014368473711
220,6999999999918; 0,1567014368473711
220,79999999999177; 0,1567014368473711
220,8999999999918; 0,15616830220078465
220,9999999999917; 0,15616830220078465
221,09999999999172; 0,15616830220078465
221,1999999999917; 0,15616830220078465
221,2999999999917; 0,15563516755419823
221,39999999999173; 0,15563516755419823
221,49999999999176; 0,15563516755419823
221,59999999999172; 0,15563516755419823
221,69999999999175; 0,15563516755419823
221,79999999999166; 0,15563516755419823
221,89999999999168; 0,15563516755419823
221,99999999999164; 0,15563516755419823
222,09999999999172; 0,15563516755419823
225,09999999999155; 0,15456889826102532
225,19999999999152; 0,15456889826102532
225,29999999999154; 0,15456889826102532
225,3999999999915; 0,15456889826102532
226,69999999999146; 0,15456889826102532
226,79999999999143; 0,15456889826102532
226,89999999999145; 0,15456889826102532
226,99999999999142; 0,15456889826102532
227,09999999999144; 0,15456889826102532
227,1999999999914; 0,15456889826102532
227,29999999999143; 0,15456889826102532
227,3999999999914; 0,15456889826102532
227,49999999999142; 0,15456889826102532
227,59999999999138; 0,15456889826102532
227,6999999999914; 0,15456889826102532
227,79999999999137; 0,15456889826102532
227,8999999999914; 0,15456889826102532
227,99999999999136; 0,15456889826102532
228,09999999999138; 0,15456889826102532
228,19999999999135; 0,15456889826102532
228,29999999999137; 0,15456889826102532
228,39999999999134; 0,15456889826102532
228,49999999999136; 0,15456889826102532
228,59999999999133; 0,15456889826102532
228,69999999999135; 0,15456889826102532
229,5999999999912; 0,15403576361443885
229,69999999999123; 0,15403576361443885
229,7999999999912; 0,15403576361443885
229,89999999999122; 0,15403576361443885
229,99999999999125; 0,15403576361443885
230,09999999999127; 0,15403576361443885
230,19999999999123; 0,15403576361443885
230,29999999999126; 0,15403576361443885
230,39999999999117; 0,15403576361443885
230,4999999999912; 0,15403576361443885
230,59999999999116; 0,15403576361443885
230,69999999999118; 0,15403576361443885
230,7999999999912; 0,15403576361443885
230,89999999999122; 0,15456889826102532
230,9999999999912; 0,15456889826102532
231,09999999999127; 0,15456889826102532
231,19999999999118; 0,15456889826102532
231,2999999999912; 0,15456889826102532
231,39999999999117; 0,15456889826102532
231,4999999999912; 0,15456889826102532
231,59999999999116; 0,15456889826102532
232,99999999999108; 0,15456889826102532
233,0999999999911; 0,15456889826102532
233,19999999999106; 0,15456889826102532
233,2999999999911; 0,15456889826102532
233,3999999999911; 0,15456889826102532
233,49999999999113; 0,15456889826102532
233,59999999999104; 0,15456889826102532
233,69999999999106; 0,15456889826102532
233,79999999999103; 0,15456889826102532
233,89999999999105; 0,15456889826102532
233,99999999999102; 0,15456889826102532
234,09999999999104; 0,15456889826102532
234,19999999999106; 0,15456889826102532
234,2999999999911; 0,15456889826102532
234,399999999991; 0,15456889826102532
234,49999999999102; 0,15456889826102532
234,59999999999098; 0,15456889826102532
234,699999999991; 0,15456889826102532
234,79999999999097; 0,15456889826102532
234,899999999991; 0,15456889826102532
234,99999999999102; 0,15456889826102532
236,29999999999092; 0,15456889826102532
236,39999999999088; 0,15456889826102532
236,4999999999909; 0,15456889826102532
236,59999999999093; 0,15456889826102532
236,69999999999095; 0,15456889826102532
236,79999999999086; 0,15456889826102532
236,89999999999088; 0,15456889826102532
236,99999999999085; 0,15456889826102532
237,0999999999908; 0,15350262896785238
237,19999999999078; 0,15350262896785238
237,2999999999908; 0,15350262896785238
237,39999999999077; 0,15350262896785238
237,4999999999908; 0,15350262896785238
237,59999999999076; 0,15350262896785238
237,69999999999078; 0,15350262896785238
237,79999999999075; 0,15350262896785238
237,89999999999077; 0,15350262896785238
237,99999999999073; 0,15350262896785238
238,09999999999076; 0,15350262896785238
238,19999999999072; 0,15350262896785238
238,29999999999075; 0,15350262896785238
